province;red;green;blue;x;x
1;1;1;1;World Border;x
2;241;190;160;Zhknami Forests;x
3;95;169;32;Zhknami Central;x
4;52;34;29;Zhknami Coasts;x
5;56;13;171;Zhknami Ports;x
6;6;108;83;Yopzemi;x
7;90;3;71;Mountain of Change;x
8;84;194;193;Nykrachu South;x
9;209;237;224;Nykrachu Hills;x
10;120;154;207;Sabiami River South;x
11;48;8;77;Sabiami River North;x
12;78;139;139;Sabiami Pass;x
13;44;27;223;Sabiami NW;x
14;43;174;249;Sabiami SW;x
15;198;2;112;Sabiami E;x
16;101;90;192;Sabiami S;x
17;166;151;205;Sabiami Jungle;x
18;87;24;173;Furthest Outpost;x
19;103;233;54;Palta Mouth South;x
20;196;51;106;Elven Landing;x
21;221;108;214;Palta 1;x
22;62;89;52;Kamyi;x
23;53;65;194;Southend;x
24;29;242;126;Sylvan Peaks;x
25;181;33;214;Lost Forest 1;x
26;32;236;68;Lost Forest 2;x
27;233;71;84;Wood Elf Camps;x
28;230;10;110;Lost Forest 3;x
29;135;118;107;Lost Forest 4;x
30;39;0;121;Lost Forest 5;x
31;250;255;141;Lost Forest 6;x
32;126;108;241;North River 1;x
33;149;178;216;North River 2;x
34;71;228;175;North River 3;x
35;76;99;202;North River 4;x
36;226;189;20;North River 5;x
37;164;194;247;North River 6;x
38;179;81;216;Lost Forest 7;x
39;106;40;221;North River 7;x
40;46;154;77;Lost Forest 8;x
41;211;92;96;Lost Forest 9;x
42;135;186;70;Lost Forest 10;x
43;66;171;185;Lost Forest 11;x
44;106;53;131;Middle Outpost;x
45;243;58;69;Near Outpost;x
46;240;175;208;Lost Forest 12;x
47;245;110;43;Palta Mouth North;x
48;232;208;192;Palta 2;x
49;102;183;58;P49;x
50;247;239;133;P50;x
51;218;238;142;P51;x
52;76;178;22;P52;x
53;11;194;76;P53;x
54;136;45;114;P54;x
55;43;69;8;P55;x
56;57;195;128;P56;x
57;99;20;255;P57;x
58;43;226;168;P58;x
59;220;53;162;P59;x
60;76;46;52;Lost Forest 13;x
61;216;150;147;Forest Edge;x
62;81;125;210;Lost Forest 14;x
63;246;201;196;P63;x
64;69;178;55;P64;x
65;176;57;166;P65;x
66;68;241;129;P66;x
67;187;177;208;P67;x
68;65;161;238;P68;x
69;84;13;89;P69;x
70;202;58;124;P70;x
71;15;186;55;P71;x
72;239;20;2;P72;x
73;221;230;47;P73;x
74;50;220;179;P74;x
75;180;84;6;P75;x
76;135;212;20;P76;x
77;254;238;170;P77;x
78;136;75;197;P78;x
79;175;246;26;P79;x
80;134;117;100;P80;x
81;114;55;130;Island North;x
82;198;29;238;Island South;x
83;196;64;231;Island Waste North;x
84;55;25;210;Island Waste South;x
85;25;53;245;Firresse;x
86;81;28;74;P86;x
87;81;117;175;P87;x
88;205;53;112;Shufmibu;x
89;105;103;236;South Cystsal County;x
90;245;56;199;West Crystal County;x
91;83;145;213;North Crystal County;x
92;114;236;10;P92;x
93;243;250;81;P93;x
94;151;27;30;P94;x
95;175;74;209;P95;x
96;243;98;135;P96;x
97;164;17;71;X;x
98;240;170;57;East X;x
99;210;11;248;Silverkeep;x
100;177;204;211;P100;x
101;88;65;253;P101;x
102;208;236;148;P102;x
103;154;102;217;P103;x
104;150;58;102;P104;x
105;5;174;231;P105;x
106;191;144;167;P106;x
107;194;141;82;P107;x
108;21;50;141;P108;x
109;129;145;231;P109;x
110;189;143;119;P110;x
111;150;88;116;P111;x
112;165;129;215;P112;x
113;90;209;156;P113;x
114;131;184;40;P114;x
115;21;216;185;P115;x
116;78;167;27;P116;x
117;45;67;21;P117;x
118;226;129;106;P118;x
119;226;17;85;P119;x
120;5;116;219;P120;x
121;59;122;110;P121;x
122;249;183;21;P122;x
123;80;140;26;P123;x
124;83;135;197;P124;x
125;30;140;232;P125;x
126;104;12;242;P126;x
127;110;240;199;P127;x
128;125;63;181;P128;x
129;60;125;121;P129;x
130;58;131;94;P130;x
131;185;174;235;P131;x
132;151;153;194;P132;x
133;145;98;133;P133;x
134;247;216;107;P134;x
135;13;176;243;P135;x
136;91;200;216;P136;x
137;44;62;85;P137;x
138;56;202;223;P138;x
139;30;80;116;P139;x
140;123;130;8;P140;x
141;120;247;77;P141;x
142;17;40;91;P142;x
143;94;60;157;P143;x
144;103;163;37;P144;x
145;255;178;139;P145;x
146;46;166;166;P146;x
147;101;211;99;P147;x
148;56;178;103;P148;x
149;93;72;76;P149;x
150;7;66;44;P150;x
151;10;204;57;P151;x
152;138;68;89;P152;x
153;72;124;24;P153;x
154;63;92;245;P154;x
155;120;12;107;P155;x
156;218;86;81;P156;x
157;93;15;118;P157;x
158;211;216;74;P158;x
159;182;200;4;P159;x
160;105;137;111;P160;x
161;121;143;60;P161;x
162;137;1;18;P162;x
163;121;190;125;P163;x
164;40;86;234;P164;x
165;60;162;80;P165;x
166;67;235;81;P166;x
167;186;32;40;P167;x
168;119;182;253;P168;x
169;172;166;172;P169;x
170;104;31;164;P170;x
171;104;213;110;P171;x
172;52;0;23;P172;x
173;103;68;26;P173;x
174;195;238;34;P174;x
175;5;235;90;P175;x
176;63;207;181;P176;x
177;220;145;3;P177;x
178;243;215;89;P178;x
179;50;100;21;P179;x
180;90;174;177;P180;x
181;250;248;234;P181;x
182;71;108;107;P182;x
183;64;28;182;P183;x
184;112;248;145;P184;x
185;153;230;39;P185;x
186;171;231;53;P186;x
187;207;13;56;P187;x
188;86;117;172;P188;x
189;185;46;86;P189;x
190;249;42;26;P190;x
191;182;167;62;P191;x
192;149;124;73;P192;x
193;227;112;116;P193;x
194;168;170;166;P194;x
195;126;234;122;P195;x
196;68;53;12;P196;x
197;240;166;227;P197;x
198;233;162;232;P198;x
199;107;138;144;P199;x
200;170;10;71;P200;x
201;160;91;208;P201;x
202;155;54;53;P202;x
203;29;195;132;P203;x
204;231;86;5;P204;x
205;11;216;107;P205;x
206;184;110;33;P206;x
207;71;154;207;P207;x
208;214;109;197;P208;x
209;80;62;223;P209;x
210;87;85;124;P210;x
211;227;66;52;P211;x
212;44;237;198;P212;x
213;48;186;203;P213;x
214;140;199;178;P214;x
215;198;197;38;P215;x
216;35;166;143;P216;x
217;31;28;21;P217;x
218;238;151;210;P218;x
219;57;114;145;P219;x
220;124;30;104;P220;x
221;94;63;100;P221;x
222;7;126;14;P222;x
223;159;74;154;P223;x
224;84;13;84;P224;x
225;185;67;123;P225;x
226;150;235;6;P226;x
227;17;66;236;P227;x
228;92;60;214;P228;x
229;150;157;75;P229;x
230;8;232;5;P230;x
231;4;54;172;P231;x
232;18;242;239;P232;x
233;180;204;219;P233;x
234;141;182;184;P234;x
235;86;122;213;P235;x
236;28;188;123;P236;x
237;76;19;94;P237;x
238;8;129;113;P238;x
239;231;120;154;P239;x
240;41;128;254;P240;x
241;5;234;151;P241;x
242;185;42;138;P242;x
243;120;140;140;P243;x
244;255;70;31;P244;x
245;216;88;98;P245;x
246;25;220;220;1;x
247;220;25;220;2;x
248;220;220;25;3;x
249;150;50;200;4;x
250;115;76;221;5;x
251;41;236;114;6;x
252;97;235;15;7;x
253;30;30;40;8;x
254;95;97;211;9;x
255;140;38;62;10;x
256;255;42;251;11;x
257;23;222;117;12;x
258;241;119;67;13;x
259;164;46;201;14;x
260;49;133;80;15;x
261;75;149;250;16;x
262;142;80;194;17;x
263;86;97;110;18;x
264;106;194;35;19;x
265;140;102;132;20;x
266;235;231;126;River 1-1-3;x
267;17;120;208;River 1-1-2;x
268;25;244;237;River 1-1-1;x
269;30;102;49;River 1-1;x
270;246;62;68;River 1-2;x
271;189;84;129;River 1;x
272;143;186;209;River 2-2;x
273;122;199;193;River 2-1;x
274;27;9;179;River 2;x
275;153;79;227;River 4-1;x
276;203;233;239;River 4-1-1;x
277;100;100;207;River 4-1-2;x
278;30;33;213;River 5;x
279;224;52;125;River 5-2;x
280;12;41;228;River 3;x
281;23;238;75;River 4;x
282;108;125;73;River 4-2;x
283;188;17;153;River 4-2-1;x
284;57;12;140;Grail Coast;x
285;125;114;71;Inner Grail;x
286;52;44;216;P286;x
287;16;15;47;P287;x
288;111;119;13;P288;x
289;101;214;112;P289;x
290;229;142;3;P290;x
291;81;216;174;P291;x
292;142;79;110;P292;x
293;172;52;47;P293;x
294;194;49;183;P294;x
295;176;135;22;P295;x
296;235;63;193;P296;x
297;40;150;185;P297;x
298;98;35;23;P298;x
299;116;148;40;P299;x
300;119;51;194;P300;x
301;142;232;186;P301;x
302;83;189;181;P302;x
303;107;136;36;P303;x
304;87;125;83;Frostheart;x
305;236;194;138;P305;x
306;112;166;28;P306;x
307;117;16;161;P307;x
308;205;137;33;P308;x
309;108;161;108;P309;x
310;255;202;234;P310;x
311;73;135;71;P311;x
312;126;134;219;P312;x
313;204;185;112;P313;x
314;70;252;46;P314;x
315;24;56;78;P315;x
316;81;216;32;P316;x
317;197;195;239;P317;x
318;128;5;58;P318;x
319;136;174;57;P319;x
320;150;222;80;P320;x
321;232;1;134;P321;x
322;91;54;152;P322;x
323;101;78;191;P323;x
324;82;0;165;P324;x
325;250;9;57;P325;x
326;185;157;122;P326;x
327;29;123;40;P327;x
328;43;248;35;P328;x
329;64;65;243;P329;x
330;84;135;216;P330;x
331;108;102;159;P331;x
332;204;191;224;P332;x
333;231;61;126;P333;x
334;115;32;173;P334;x
335;10;117;112;P335;x
336;3;36;30;P336;x
337;117;34;16;P337;x
338;169;36;121;P338;x
339;142;248;109;P339;x
340;67;242;124;P340;x
341;242;208;97;P341;x
342;48;49;220;P342;x
343;181;216;210;P343;x
344;239;27;50;P344;x
345;31;206;173;P345;x
346;55;127;98;P346;x
347;97;229;71;P347;x
348;216;93;142;P348;x
349;236;127;38;P349;x
350;226;50;25;P350;x
351;7;47;121;P351;x
352;85;208;248;P352;x
353;246;109;205;P353;x
354;30;84;194;P354;x
355;1;199;135;P355;x
356;232;146;216;P356;x
357;249;79;97;P357;x
358;151;111;29;P358;x
359;31;160;29;P359;x
360;25;244;80;P360;x
361;29;41;95;P361;x
362;35;34;120;P362;x
363;206;61;126;P363;x
364;20;41;214;P364;x
365;161;133;104;P365;x
366;160;122;135;P366;x
367;202;67;153;P367;x
368;234;161;37;P368;x
369;4;234;51;P369;x
370;37;109;135;P370;x
371;67;178;35;P371;x
372;125;189;145;P372;x
373;80;224;154;P373;x
374;4;153;53;P374;x
375;68;135;59;P375;x
376;54;79;139;P376;x
377;144;107;175;P377;x
378;104;135;250;P378;x
379;128;26;47;P379;x
380;216;141;22;P380;x
381;1;170;66;P381;x
382;134;82;226;P382;x
383;218;4;57;P383;x
384;38;76;18;P384;x
385;189;75;220;P385;x
386;65;21;157;P386;x
387;186;20;183;P387;x
388;107;127;52;P388;x
389;181;208;79;P389;x
390;121;83;90;P390;x
391;211;12;91;P391;x
392;170;210;127;P392;x
393;136;81;55;P393;x
394;195;19;240;P394;x
395;113;102;235;P395;x
396;179;156;116;P396;x
397;114;12;98;P397;x
398;204;168;142;P398;x
399;35;142;179;P399;x
400;204;169;14;P400;x
401;59;133;91;P401;x
402;135;19;55;P402;x
403;222;176;160;P403;x
404;223;59;197;P404;x
405;97;130;22;P405;x
406;223;0;100;P406;x
407;186;220;35;P407;x
408;169;160;63;P408;x
409;153;158;209;Boran Islands 1;x
410;167;206;151;Boran Islands 2;x
411;65;98;215;Boran Islands 3;x
412;194;89;154;River 5-1;x
413;207;0;155;River 5-1-2;x
414;146;107;220;River 4-1-1-1;x
415;164;238;226;River 6 West;x
416;226;109;242;Silverkeep Pass;x
417;86;43;145;River 6 East;x
418;171;47;120;Seventh Lake;x
419;158;115;101;River 7;x
420;75;12;23;Sixth Lake 1;x
421;125;243;37;Sixth Lake 2;x
422;233;212;99;Sixth Lake 3;x
423;196;253;204;River 8;x
424;124;75;2;Fifth Lake;x
425;54;217;112;River 9;x
426;90;237;25;River 9-1;x
427;127;62;233;Fourth Lake 1;x
428;68;237;162;Fourth Lake 2;x
429;226;218;228;River  10;x
430;81;243;230;Fourth Lake 3;x
431;132;126;141;Third Lake;x
432;248;122;140;River 11;x
433;225;39;146;Second Lake 1;x
434;120;139;171;Second Lake 2;x
435;163;41;70;First Lake;x
436;77;118;196;River 12;x
437;78;109;32;River 12-1;x
438;212;208;169;River 12-2;x
439;238;212;31;River 12-2-1;x
440;105;215;199;River 12-2-2;x
441;10;194;244;River 12-2-2-1;x
442;3;180;152;River 12-2-2-2;x
443;199;214;112;River 13-1;x
444;249;112;139;River 14;x
445;223;248;14;River 13-2;x
446;199;172;207;River 13;x
447;84;239;65;River 5-1-1;x
448;13;201;13;River 4-2-2;x
449;42;219;69;River 4-1-1-2;x
450;236;93;25;River 14-2;x
451;133;194;167;River 14-1;x
452;108;232;167;River 15;x
453;172;194;142;River 15-1;x
454;215;129;41;River 15-2;x
455;240;9;26;River 16;x
456;179;114;35;River 16-1;x
457;20;15;126;River 16-2;x
458;102;10;78;River 16-2-1;x
459;122;64;242;River 16-2-2;x
460;58;111;238;Lake 1;x
461;131;188;85;River 17;x
462;58;83;159;River 17;x
463;55;13;159;River 18;x
464;192;203;101;P464;x
465;38;124;52;P465;x
466;154;61;21;P466;x
467;177;219;189;P467;x
468;35;174;6;P468;x
469;215;250;54;P469;x
470;221;185;235;P470;x
471;78;222;90;P471;x
472;138;247;238;P472;x
473;223;137;165;P473;x
474;125;44;142;P474;x
475;230;124;237;P475;x
476;194;172;14;P476;x
477;253;166;93;P477;x
478;249;108;181;P478;x
479;132;174;143;P479;x
480;141;5;97;P480;x
481;43;123;208;P481;x
482;250;123;243;P482;x
483;251;229;8;P483;x
484;47;150;113;P484;x
485;207;124;156;P485;x
486;188;242;176;P486;x
487;217;169;180;P487;x
488;232;138;156;P488;x
489;128;118;61;P489;x
490;98;161;61;P490;x
491;94;98;110;P491;x
492;247;141;144;P492;x
493;51;99;151;P493;x
494;116;184;91;P494;x
495;154;7;64;P495;x
496;140;23;27;P496;x
497;149;64;251;P497;x
498;52;6;145;P498;x
499;240;245;225;P499;x
500;174;94;26;P500;x
501;129;244;58;P501;x
502;33;205;251;P502;x
503;37;27;77;P503;x
504;76;155;43;P504;x
505;127;60;213;P505;x
506;115;194;230;P506;x
507;226;152;219;P507;x
508;156;30;50;P508;x
509;106;108;135;P509;x
510;41;80;122;P510;x
511;88;38;80;P511;x
512;1;209;230;P512;x
513;240;149;16;P513;x
514;118;147;144;P514;x
515;232;36;119;P515;x
516;135;101;217;P516;x
517;58;115;76;P517;x
518;136;72;36;P518;x
519;30;84;157;P519;x
520;147;224;63;P520;x
521;239;155;206;P521;x
522;139;252;224;P522;x
523;41;20;221;P523;x
524;165;128;13;P524;x
525;46;117;10;P525;x
526;137;20;89;P526;x
527;240;226;142;P527;x
528;92;223;251;P528;x
529;46;240;178;P529;x
530;209;170;164;P530;x
531;53;82;168;P531;x
532;210;253;147;P532;x
533;205;18;232;P533;x
534;45;161;129;P534;x
535;165;59;206;P535;x
536;0;236;211;P536;x
537;27;96;185;P537;x
538;255;226;26;P538;x
539;104;136;67;P539;x
540;147;224;248;P540;x
541;62;14;122;P541;x
542;81;159;7;P542;x
543;208;47;115;P543;x
544;58;236;60;P544;x
545;78;255;149;P545;x
546;139;212;247;P546;x
547;241;124;233;P547;x
548;74;196;97;P548;x
549;69;35;141;P549;x
550;212;174;136;P550;x
551;1;144;152;P551;x
552;250;76;228;P552;x
553;247;176;170;P553;x
554;193;233;164;P554;x
555;96;122;196;P555;x
556;119;210;22;P556;x
557;162;242;195;P557;x
558;197;77;253;P558;x
559;18;64;169;P559;x
560;51;225;51;P560;x
561;233;7;73;P561;x
562;209;79;38;P562;x
563;240;135;173;P563;x
564;203;41;168;P564;x
565;194;162;249;P565;x
566;18;35;120;P566;x
567;147;116;46;P567;x
568;222;50;51;P568;x
569;227;85;153;P569;x
570;14;23;166;P570;x
571;28;150;183;P571;x
572;191;220;74;P572;x
573;125;210;92;P573;x
574;87;89;40;P574;x
575;195;123;254;P575;x
576;73;118;236;P576;x
577;130;235;130;P577;x
578;4;238;147;P578;x
579;80;37;226;P579;x
580;176;153;217;P580;x
581;128;233;154;P581;x
582;101;196;247;P582;x
583;54;121;195;P583;x
584;183;151;151;P584;x
585;11;202;140;P585;x
586;4;25;254;P586;x
587;146;117;180;P587;x
588;112;97;128;P588;x
589;70;49;20;P589;x
590;158;225;17;P590;x
591;186;67;46;P591;x
592;151;167;212;P592;x
593;89;102;67;P593;x
594;187;139;84;P594;x
595;131;246;151;P595;x
596;173;58;239;P596;x
597;38;72;115;P597;x
598;203;187;46;P598;x
599;202;7;135;P599;x
600;63;232;188;P600;x
601;134;195;190;P601;x
602;55;119;241;P602;x
603;12;167;113;Urglee Bay;x
604;32;237;154;P604;x
605;209;59;71;P605;x
606;23;19;155;P606;x
607;252;59;49;P607;x
608;120;69;198;P608;x
609;232;189;214;P609;x
610;79;212;50;P610;x
611;250;208;143;P611;x
612;16;189;111;P612;x
613;227;227;120;P613;x
614;185;50;188;P614;x
615;183;31;203;P615;x
616;141;97;62;P616;x
617;232;46;108;P617;x
618;10;25;170;P618;x
619;124;64;105;P619;x
620;35;106;110;P620;x
621;119;168;75;P621;x
622;1;141;74;P622;x
623;66;128;89;P623;x
624;56;13;67;P624;x
625;7;183;121;P625;x
626;165;8;89;P626;x
627;135;26;64;P627;x
628;215;58;32;P628;x
629;243;229;185;P629;x
630;55;231;113;P630;x
631;22;154;234;P631;x
632;15;31;245;P632;x
633;205;218;55;P633;x
634;251;227;37;P634;x
635;41;164;75;P635;x
636;33;64;140;P636;x
637;166;195;150;P637;x
638;232;220;50;P638;x
639;58;110;220;P639;x
640;231;116;211;P640;x
641;173;232;204;P641;x
642;212;48;160;P642;x
643;218;160;130;P643;x
644;191;78;242;P644;x
645;34;46;43;P645;x
646;47;221;49;P646;x
647;190;66;30;P647;x
648;168;62;210;P648;x
649;181;216;26;P649;x
650;147;159;180;P650;x
651;53;108;79;P651;x
652;246;114;55;P652;x
653;179;188;58;P653;x
654;142;115;219;P654;x
655;13;136;14;P655;x
656;92;139;158;P656;x
657;173;179;3;P657;x
658;92;73;205;P658;x
659;35;72;15;P659;x
660;46;110;192;P660;x
661;214;232;174;P661;x
662;80;189;159;P662;x
663;166;43;26;P663;x
664;79;80;25;P664;x
665;41;139;226;P665;x
666;217;248;226;P666;x
667;212;139;110;P667;x
668;58;176;220;P668;x
669;56;145;249;P669;x
670;157;23;112;P670;x
671;202;28;3;P671;x
672;104;154;108;P672;x
673;70;130;148;P673;x
674;167;61;3;P674;x
675;254;220;89;P675;x
676;66;194;117;P676;x
677;181;36;203;P677;x
678;21;223;9;P678;x
679;235;39;160;P679;x
680;219;207;213;P680;x
681;148;58;207;P681;x
682;10;166;87;P682;x
683;235;185;45;P683;x
684;223;54;124;P684;x
685;223;205;40;P685;x
686;202;158;173;P686;x
687;113;170;86;P687;x
688;39;58;99;P688;x
689;178;179;75;P689;x
690;120;52;74;P690;x
691;131;101;88;P691;x
692;78;38;90;P692;x
693;252;237;229;P693;x
694;165;161;77;P694;x
695;225;34;240;P695;x
696;226;155;140;P696;x
697;28;180;37;P697;x
698;158;236;231;P698;x
699;19;29;188;P699;x
700;146;39;46;P700;x
701;196;236;21;P701;x
702;230;96;164;P702;x
703;243;77;31;P703;x
704;230;52;175;P704;x
705;43;88;20;P705;x
706;126;224;224;P706;x
707;81;186;190;P707;x
708;144;198;209;P708;x
709;173;26;171;P709;x
710;33;168;48;P710;x
711;197;145;129;P711;x
712;76;170;41;P712;x
713;72;179;158;P713;x
714;200;66;43;P714;x
715;158;192;168;P715;x
716;65;47;216;P716;x
717;185;9;185;P717;x
718;158;92;109;P718;x
719;174;248;98;P719;x
720;115;70;79;P720;x
721;39;151;51;P721;x
722;19;172;67;P722;x
723;192;78;83;P723;x
724;92;84;224;P724;x
725;22;210;186;P725;x
726;121;227;145;P726;x
727;229;119;122;P727;x
728;158;240;99;P728;x
729;188;225;236;P729;x
730;144;195;214;P730;x
731;82;102;70;P731;x
732;128;26;246;P732;x
733;190;52;63;P733;x
734;145;42;82;P734;x
735;139;230;75;P735;x
736;223;46;113;P736;x
737;230;178;13;P737;x
738;212;27;202;P738;x
739;191;120;197;P739;x
740;41;191;114;P740;x
741;14;163;50;P741;x
742;171;74;70;P742;x
743;19;146;241;P743;x
744;71;240;229;P744;x
745;2;40;9;P745;x
746;131;110;76;P746;x
747;216;56;147;P747;x
748;121;154;62;P748;x
749;24;122;214;P749;x
750;234;32;56;P750;x
751;255;8;123;P751;x
752;73;149;219;P752;x
753;0;180;123;P753;x
754;213;95;43;P754;x
755;184;34;10;P755;x
756;199;240;22;P756;x
757;198;191;129;P757;x
758;8;182;34;P758;x
759;176;123;53;P759;x
760;170;68;22;P760;x
761;180;173;89;P761;x
762;237;245;93;P762;x
763;69;32;234;P763;x
764;18;150;103;P764;x
765;22;102;21;P765;x
766;161;158;203;P766;x
767;242;129;18;P767;x
768;97;146;182;P768;x
769;24;169;139;P769;x
770;63;188;223;P770;x
771;204;225;197;P771;x
772;173;95;254;P772;x
773;254;188;136;P773;x
774;42;217;40;P774;x
775;220;92;150;P775;x
776;164;52;40;P776;x
777;167;151;156;P777;x
778;228;218;85;P778;x
779;227;179;228;P779;x
780;21;180;222;P780;x
781;140;29;38;P781;x
782;207;186;81;P782;x
783;15;73;224;P783;x
784;17;64;34;P784;x
785;120;187;185;P785;x
786;196;16;78;P786;x
787;230;189;190;P787;x
788;227;39;70;P788;x
789;187;203;160;P789;x
790;142;127;58;P790;x
791;13;95;255;P791;x
792;198;60;134;P792;x
793;133;228;109;P793;x
794;146;251;102;P794;x
795;62;69;37;P795;x
796;231;88;227;P796;x
797;44;163;177;P797;x
798;33;148;153;P798;x
799;80;89;185;P799;x
800;114;62;102;P800;x
801;71;121;252;P801;x
802;13;184;188;P802;x
803;239;66;44;P803;x
804;33;158;203;P804;x
805;245;210;209;P805;x
806;37;64;162;P806;x
807;37;230;238;P807;x
808;176;65;93;P808;x
809;66;221;28;P809;x
810;63;78;155;P810;x
811;84;82;165;P811;x
812;115;177;145;P812;x
813;40;128;100;P813;x
814;140;64;155;P814;x
815;47;86;78;P815;x
816;87;172;21;P816;x
817;14;41;23;P817;x
818;135;107;213;P818;x
819;15;254;148;P819;x
820;154;247;125;P820;x
821;207;152;232;P821;x
822;37;30;80;P822;x
823;225;212;247;P823;x
824;237;104;174;P824;x
825;73;160;163;P825;x
826;176;204;66;P826;x
827;189;54;163;P827;x
828;123;238;62;P828;x
829;136;230;126;P829;x
830;72;49;25;P830;x